"id","printer_id","color","head","slot_serial","installed_datetime","replaced_datetime","remounted_datetime","remounted_color","remounted_head"
7530,473,1,"1","261585-02","2019-04-09 09:46:18+02","2020-10-21 16:07:44+02",NULL,NULL,NULL
7525,473,1,"6","261344-04","2019-04-09 09:46:18+02","2020-09-09 14:31:09+02",NULL,NULL,NULL
7517,473,3,"0","261654-10","2019-07-02 13:57:17+02","2020-06-18 09:35:09+02",NULL,NULL,NULL
7498,473,3,"0","272670-02","2020-06-18 09:35:09+02","2021-02-03 12:55:27+01",NULL,NULL,NULL
7523,473,3,"1","261367-09","2019-07-02 13:57:15+02","2020-06-17 14:10:01+02",NULL,NULL,NULL
7500,473,3,"1","273174-04","2020-06-17 14:10:01+02","2021-02-03 12:55:27+01",NULL,NULL,NULL
7522,473,3,"2","261983-08","2019-07-02 13:57:15+02","2020-06-17 14:09:35+02",NULL,NULL,NULL
7502,473,3,"2","273475-02","2020-06-17 14:09:35+02","2021-02-03 12:55:27+01",NULL,NULL,NULL
7521,473,3,"3","260864-03","2019-07-02 13:57:15+02","2021-02-03 12:55:27+01",NULL,NULL,NULL
7516,473,3,"4","261449-06","2019-07-02 13:57:17+02","2021-02-03 12:55:27+01",NULL,NULL,NULL
7520,473,3,"5","261551-04","2019-07-02 13:57:15+02","2020-06-17 14:10:01+02",NULL,NULL,NULL
7499,473,3,"5","274669-01","2020-06-17 14:10:01+02","2021-02-03 12:55:27+01",NULL,NULL,NULL
7519,473,3,"6","261863-08","2019-07-02 13:57:15+02","2020-06-17 14:09:35+02",NULL,NULL,NULL
7501,473,3,"6","274796-01","2020-06-17 14:09:35+02","2021-02-03 12:55:27+01",NULL,NULL,NULL
7518,473,3,"7","261630-10","2019-07-02 13:57:15+02","2021-02-03 12:55:27+01",NULL,NULL,NULL
7510,473,4,"1","245294-09","2019-12-03 22:53:08+01","2020-02-19 14:19:42+01",NULL,NULL,NULL
7508,473,4,"1","271278-02","2020-02-19 14:19:42+01","2020-03-28 06:43:01+01",NULL,NULL,NULL
5655,545,0,"2","261422-02","2019-06-19 15:45:45+02","2021-01-17 09:49:11+01",NULL,NULL,NULL
5626,545,0,"3","262422-02","2019-12-13 19:40:52+01","2020-05-01 22:23:57+02",NULL,NULL,NULL
5664,545,0,"5","261383-08","2019-06-19 15:43:53+02","2019-09-28 08:05:02+02",NULL,NULL,NULL
5602,545,1,"1","260878-05","2020-05-17 21:26:22+02","2020-09-12 08:34:54+02",NULL,NULL,NULL
5596,545,1,"3","261212-01","2020-06-27 22:47:07+02","2021-03-03 19:17:49+01",NULL,NULL,NULL
5650,545,2,"1","260795-06","2019-06-19 15:49:01+02","2020-05-02 06:20:58+02",NULL,NULL,NULL
5652,545,2,"7","261447-06","2019-06-19 15:48:57+02","2019-10-30 17:24:03+01",NULL,NULL,NULL
5631,545,2,"7","264082-05","2019-10-30 17:24:03+01","2020-06-07 02:05:11+02",NULL,NULL,NULL
5643,545,3,"0","262403-08","2019-06-20 14:49:18+02","2020-01-12 10:35:46+01",NULL,NULL,NULL
5615,545,3,"0","263625-05","2020-01-12 10:35:46+01","2020-03-04 10:20:26+01",NULL,NULL,NULL
5611,545,3,"0","271841-01","2020-03-04 10:20:26+01","2020-11-25 10:15:27+01",NULL,NULL,NULL
32859,545,3,"0","278769-02","2020-11-25 10:15:27+01","2021-02-28 08:53:51+01",NULL,NULL,NULL
5641,545,3,"1","261381-02","2019-06-20 14:49:20+02","2019-12-30 21:58:41+01",NULL,NULL,NULL
5622,545,3,"1","269725-08","2019-12-30 21:58:41+01","2020-07-08 14:46:37+02",NULL,NULL,NULL
5594,545,3,"1","272681-04","2020-07-08 14:46:37+02","2020-12-04 18:23:04+01",NULL,NULL,NULL
35321,545,3,"1","278143-06","2020-12-04 18:23:04+01","2021-03-17 14:02:01+01",NULL,NULL,NULL
5632,545,3,"2","262394-09","2019-10-30 15:55:27+01","2020-07-08 15:18:36+02",NULL,NULL,NULL
5642,545,3,"3","261846-06","2019-06-20 14:49:18+02","2020-05-21 16:08:44+02",NULL,NULL,NULL
5601,545,3,"3","263444-01","2020-05-21 16:08:44+02","2020-07-08 14:46:38+02",NULL,NULL,NULL
5593,545,3,"3","273796-05","2020-07-08 14:46:38+02","2020-10-02 22:00:21+02",NULL,NULL,NULL
5656,545,3,"4","261985-03","2019-06-19 15:44:18+02","2019-10-30 15:52:47+01",NULL,NULL,NULL
5635,545,3,"4","263624-02","2019-10-30 15:52:47+01","2020-01-01 00:28:24+01",NULL,NULL,NULL
5610,545,3,"4","272528-04","2020-03-04 10:39:05+01","2020-07-08 14:46:38+02",NULL,NULL,NULL
5592,545,3,"4","273112-10","2020-07-08 14:46:38+02","2020-09-27 12:31:28+02",NULL,NULL,NULL
35318,545,3,"4","277751-08","2020-12-04 18:47:32+01","2021-03-03 19:24:27+01",NULL,NULL,NULL
5659,545,3,"5","261381-05","2019-06-19 15:44:01+02","2019-12-02 06:50:51+01",NULL,NULL,NULL
5627,545,3,"5","262677-10","2019-12-02 06:50:51+01","2020-06-10 10:52:07+02",NULL,NULL,NULL
5597,545,3,"5","274870-09","2020-06-10 10:52:07+02","2020-12-04 18:47:32+01",NULL,NULL,NULL
5658,545,3,"6","261378-09","2019-06-19 15:44:01+02","2019-10-30 15:52:47+01",NULL,NULL,NULL
5634,545,3,"6","262399-06","2019-10-30 15:52:47+01","2020-03-04 10:39:05+01",NULL,NULL,NULL
5604,545,3,"6","271856-10","2020-05-02 12:43:11+02","2020-11-25 10:20:40+01",NULL,NULL,NULL
32858,545,3,"6","274425-10","2020-11-25 10:20:40+01","2021-03-03 19:24:22+01",NULL,NULL,NULL
42901,545,3,"6","279641-02","2021-03-03 19:24:22+01","2021-04-03 06:23:22+02",NULL,NULL,NULL
5640,545,3,"7","261846-02","2019-06-21 09:14:13+02","2019-10-30 15:52:47+01",NULL,NULL,NULL
5647,545,4,"0","261196-02","2019-06-19 15:49:21+02","2020-09-15 16:16:40+02",NULL,NULL,NULL
26523,545,4,"0","274791-08","2020-09-15 16:16:40+02","2020-12-05 09:50:10+01",NULL,NULL,NULL
5644,545,4,"1","261318-02","2019-06-19 16:01:12+02","2020-09-15 16:16:36+02",NULL,NULL,NULL
26529,545,4,"1","274904-08","2020-09-15 16:16:36+02","2021-02-02 12:01:58+01",NULL,NULL,NULL
5646,545,4,"2","261630-07","2019-06-19 15:51:00+02","2020-09-15 16:16:36+02",NULL,NULL,NULL
26528,545,4,"2","274907-04","2020-09-15 16:16:36+02","2021-02-02 11:25:13+01",NULL,NULL,NULL
5648,545,4,"3","261547-02","2019-06-19 15:49:15+02","2020-07-04 13:59:44+02",NULL,NULL,NULL
5595,545,4,"3","263372-02","2020-07-04 13:59:44+02","2020-09-15 16:16:36+02",NULL,NULL,NULL
5654,545,4,"4","261865-04","2019-06-19 15:46:12+02","2020-09-15 16:16:36+02",NULL,NULL,NULL
5599,545,4,"5","261091-07","2020-05-24 19:40:58+02","2020-09-15 16:16:36+02",NULL,NULL,NULL
5625,545,4,"6","260782-07","2019-12-20 20:25:48+01","2020-09-15 16:16:36+02",NULL,NULL,NULL
5621,545,4,"7","261861-03","2019-12-31 14:39:33+01","2020-09-16 09:41:10+02",NULL,NULL,NULL
5693,546,0,"0","260875-02","2019-06-17 14:38:14+02","2021-01-12 06:58:39+01",NULL,NULL,NULL
5719,546,0,"1","261091-04","2019-06-17 14:38:01+02","2020-10-29 14:31:25+01",NULL,NULL,NULL
5698,546,0,"6","261203-04","2019-06-17 14:38:02+02","2020-10-29 14:31:25+01",NULL,NULL,NULL
5715,546,1,"1","261381-01","2019-06-17 14:38:01+02","2020-10-29 16:17:35+01",NULL,NULL,NULL
5712,546,1,"6","261379-07","2019-06-17 14:38:01+02","2020-10-29 14:31:25+01",NULL,NULL,NULL
5710,546,2,"0","261313-04","2019-06-17 14:38:01+02","2020-10-29 14:27:59+01",NULL,NULL,NULL
5707,546,2,"3","261208-05","2019-06-17 14:38:01+02","2019-10-04 03:36:59+02",NULL,NULL,NULL
5705,546,2,"6","261861-04","2019-06-17 14:38:01+02","2020-01-18 17:14:10+01",NULL,NULL,NULL
5704,546,3,"0","261427-08","2019-06-17 14:38:01+02","2020-07-04 07:56:27+02",NULL,NULL,NULL
5667,546,3,"0","270955-05","2020-07-04 07:56:27+02","2020-08-22 17:35:43+02",NULL,NULL,NULL
5686,546,3,"1","261385-02","2019-10-24 08:57:22+02","2020-03-06 16:41:13+01",NULL,NULL,NULL
5679,546,3,"1","272514-10","2020-03-06 16:41:13+01","2020-08-22 17:20:59+02",NULL,NULL,NULL
5703,546,3,"2","261446-07","2019-06-17 14:38:01+02","2020-03-06 16:41:13+01",NULL,NULL,NULL
5678,546,3,"2","270346-09","2020-03-06 16:41:13+01","2020-08-22 17:35:43+02",NULL,NULL,NULL
5681,546,3,"3","261379-10","2020-01-30 01:26:44+01","2020-07-05 16:20:00+02",NULL,NULL,NULL
5666,546,3,"3","272103-01","2020-07-05 16:20:00+02","2020-08-22 17:35:43+02",NULL,NULL,NULL
5702,546,3,"4","261650-10","2019-06-17 14:38:02+02","2019-10-09 14:07:36+02",NULL,NULL,NULL
5687,546,3,"4","261583-09","2019-10-09 14:07:36+02","2020-03-06 16:41:13+01",NULL,NULL,NULL
5677,546,3,"4","272134-02","2020-03-06 16:41:13+01","2020-05-21 06:12:17+02",NULL,NULL,NULL
5701,546,3,"5","261532-10","2019-06-17 14:38:02+02","2020-03-06 16:41:13+01",NULL,NULL,NULL
5676,546,3,"5","271169-04","2020-03-06 16:41:13+01","2020-08-22 17:20:59+02",NULL,NULL,NULL
5700,546,3,"6","261385-08","2019-06-17 14:38:02+02","2020-03-06 16:41:13+01",NULL,NULL,NULL
5692,546,3,"7","261450-01","2019-06-17 14:38:14+02","2020-03-06 16:41:13+01",NULL,NULL,NULL
5672,546,4,"0","260875-05","2020-03-24 13:01:51+01","2020-12-26 17:05:35+01",NULL,NULL,NULL
5722,546,4,"1","260875-09","2019-06-17 14:38:01+02","2020-12-26 14:55:24+01",NULL,NULL,NULL
5697,546,4,"2","261208-08","2019-06-17 14:38:14+02","2020-12-26 14:55:24+01",NULL,NULL,NULL
5696,546,4,"3","261437-04","2019-06-17 14:38:14+02","2020-12-26 15:16:51+01",NULL,NULL,NULL
5721,546,4,"4","260875-10","2019-06-17 14:38:01+02","2020-12-26 14:55:20+01",NULL,NULL,NULL
5695,546,4,"5","261983-03","2019-06-17 14:38:14+02","2019-11-21 17:50:44+01",NULL,NULL,NULL
5684,546,4,"5","270347-01","2019-11-21 17:50:44+01","2020-12-26 14:55:24+01",NULL,NULL,NULL
5694,546,4,"6","261203-05","2019-06-17 14:38:14+02","2020-10-29 14:28:08+01",NULL,NULL,NULL
12974,547,0,"0","261428-02","2019-06-06 11:20:18+02","2020-01-02 15:06:24+01",NULL,NULL,NULL
12971,547,1,"0","261311-06","2019-06-06 11:20:19+02","2020-02-17 14:20:27+01",NULL,NULL,NULL
12959,547,2,"3","261349-01","2019-06-06 11:58:58+02","2021-03-08 19:45:37+01",NULL,NULL,NULL
12958,547,2,"4","260852-02","2019-06-06 11:58:58+02","2019-12-31 07:59:02+01",NULL,NULL,NULL
12955,547,3,"0","261318-10","2019-06-06 11:58:58+02","2020-11-12 11:14:29+01",NULL,NULL,NULL
12954,547,3,"1","261427-03","2019-06-06 11:58:58+02","2020-06-03 15:56:32+02",NULL,NULL,NULL
12931,547,3,"1","274774-05","2020-06-03 15:56:32+02","2020-11-12 11:14:29+01",NULL,NULL,NULL
12943,547,3,"2","261419-09","2019-12-20 06:45:27+01","2020-11-12 11:14:29+01",NULL,NULL,NULL
12953,547,3,"3","260782-03","2019-06-06 11:58:58+02","2020-06-03 15:56:32+02",NULL,NULL,NULL
12930,547,3,"3","272812-03","2020-06-03 15:56:32+02","2020-11-12 11:14:29+01",NULL,NULL,NULL
12952,547,3,"4","261524-05","2019-06-06 11:58:58+02","2020-07-07 14:13:17+02",NULL,NULL,NULL
12928,547,3,"4","273908-08","2020-07-07 14:13:17+02","2020-11-12 11:14:29+01",NULL,NULL,NULL
12951,547,3,"5","261450-09","2019-06-06 11:58:58+02","2020-02-18 18:39:37+01",NULL,NULL,NULL
12933,547,3,"5","271427-02","2020-02-18 18:39:37+01","2020-11-12 11:14:29+01",NULL,NULL,NULL
12932,547,3,"6","270856-05","2020-02-18 18:39:37+01","2020-11-12 11:14:29+01",NULL,NULL,NULL
16721,550,1,"0","262044-05","2019-04-24 07:15:01+02","2020-04-10 07:45:18+02",NULL,NULL,NULL
16771,550,2,"2","261532-05","2019-04-23 13:28:31+02","2019-09-19 13:52:54+02",NULL,NULL,NULL
16777,550,3,"0","261943-03","2019-04-23 13:28:26+02","2020-06-29 17:06:10+02",NULL,NULL,NULL
16702,550,3,"0","275116-07","2020-06-29 17:06:10+02","2020-10-13 16:38:11+02",NULL,NULL,NULL
16707,550,3,"1","275110-05","2020-06-29 17:02:15+02","2020-10-13 16:38:11+02",NULL,NULL,NULL
16785,550,3,"2","261992-06","2019-04-23 13:28:14+02","2020-10-13 16:38:11+02",NULL,NULL,NULL
16776,550,3,"3","261594-09","2019-04-23 13:28:26+02","2020-10-13 16:38:11+02",NULL,NULL,NULL
16775,550,3,"4","261587-05","2019-04-23 13:28:26+02","2020-10-13 16:38:11+02",NULL,NULL,NULL
16772,550,3,"5","261644-03","2019-04-23 13:28:29+02","2020-06-29 17:02:15+02",NULL,NULL,NULL
16706,550,3,"5","275116-03","2020-06-29 17:02:15+02","2020-10-13 16:38:11+02",NULL,NULL,NULL
16784,550,3,"6","261585-10","2019-04-23 13:28:14+02","2020-10-13 16:38:11+02",NULL,NULL,NULL
16769,550,3,"7","261533-04","2019-04-23 13:29:10+02","2020-06-29 17:06:10+02",NULL,NULL,NULL
16701,550,3,"7","275852-07","2020-06-29 17:06:10+02","2020-10-13 16:38:11+02",NULL,NULL,NULL
16803,550,4,"4","261868-04","2019-04-23 13:16:08+02","2020-06-30 10:04:36+02",NULL,NULL,NULL
16802,550,4,"5","261316-03","2019-04-23 13:16:08+02","2020-06-30 09:58:42+02",NULL,NULL,NULL
16705,550,5,"2","270565-10","2020-06-29 17:02:15+02","2020-10-09 11:50:27+02",NULL,NULL,NULL
16704,550,5,"6","275852-05","2020-06-29 17:02:15+02","2020-07-30 09:27:41+02",NULL,NULL,NULL
10867,553,0,"5","261423-01","2019-07-09 08:12:02+02","2020-05-03 23:45:52+02",NULL,NULL,NULL
10843,553,3,"4","261556-02","2019-07-09 08:14:52+02","2020-05-06 08:52:17+02",NULL,NULL,NULL
10847,553,4,"0","261552-10","2019-07-09 08:14:51+02","2020-02-28 13:10:11+01",NULL,NULL,NULL
10873,553,4,"1","261551-09","2019-07-09 08:12:02+02","2020-02-26 19:16:35+01",NULL,NULL,NULL
10872,553,4,"2","261983-02","2019-07-09 08:12:02+02","2020-02-26 19:16:35+01",NULL,NULL,NULL
10840,553,4,"2","271845-03","2020-02-26 19:16:35+01","2020-06-01 07:24:19+02",NULL,NULL,NULL
10846,553,4,"3","261321-03","2019-07-09 08:14:51+02","2020-02-28 13:10:14+01",NULL,NULL,NULL
10871,553,4,"4","261437-09","2019-07-09 08:12:02+02","2020-02-26 19:18:22+01",NULL,NULL,NULL
10870,553,4,"5","261980-05","2019-07-09 08:12:02+02","2020-02-26 19:18:31+01",NULL,NULL,NULL
10845,553,4,"6","261528-03","2019-07-09 08:14:51+02","2020-02-28 13:19:57+01",NULL,NULL,NULL
10844,553,4,"7","261531-04","2019-07-09 08:14:51+02","2020-02-28 13:19:57+01",NULL,NULL,NULL
920,560,0,"1","261590-09","2019-07-16 16:28:37+02","2021-03-01 15:40:58+01",NULL,NULL,NULL
940,560,1,"5","262904-04","2019-07-16 16:18:35+02","2020-02-07 17:08:09+01",NULL,NULL,NULL
915,560,1,"7","261865-08","2019-07-16 16:28:37+02","2019-08-27 05:50:46+02",NULL,NULL,NULL
914,560,2,"2","261590-05","2019-07-16 16:28:37+02","2021-04-09 08:33:18+02",NULL,NULL,NULL
913,560,2,"6","261559-04","2019-07-16 16:28:37+02","2019-09-09 16:35:31+02",NULL,NULL,NULL
934,560,3,"0","261552-01","2019-07-16 16:18:35+02","2020-10-26 15:08:34+01",NULL,NULL,NULL
933,560,3,"1","261861-07","2019-07-16 16:18:36+02","2020-10-26 15:08:34+01",NULL,NULL,NULL
31172,560,3,"1","277013-08","2020-10-26 15:08:34+01","2021-03-01 15:41:12+01",NULL,NULL,NULL
911,560,3,"2","261447-01","2019-07-16 16:28:37+02","2020-10-26 15:08:25+01",NULL,NULL,NULL
910,560,3,"3","261422-06","2019-07-16 16:28:37+02","2020-10-26 15:08:30+01",NULL,NULL,NULL
31175,560,3,"3","276872-07","2020-10-26 15:08:30+01","2021-03-01 15:45:53+01",NULL,NULL,NULL
932,560,3,"4","261949-10","2019-07-16 16:18:36+02","2020-10-26 15:08:34+01",NULL,NULL,NULL
931,560,3,"5","261582-04","2019-07-16 16:18:36+02","2020-10-26 15:08:34+01",NULL,NULL,NULL
908,560,3,"6","262394-07","2019-07-18 10:10:11+02","2020-10-26 15:08:25+01",NULL,NULL,NULL
930,560,3,"7","261313-10","2019-07-16 16:18:36+02","2020-10-26 15:08:30+01",NULL,NULL,NULL
960,560,4,"3","261983-04","2019-07-16 16:18:34+02","2020-05-28 19:17:21+02",NULL,NULL,NULL
958,560,4,"5","261379-01","2019-07-16 16:18:34+02","2020-05-28 19:17:21+02",NULL,NULL,NULL
926,560,5,"1","261942-09","2019-07-16 16:28:37+02","2021-03-01 15:41:52+01",NULL,NULL,NULL
954,560,5,"3","261946-09","2019-07-16 16:18:34+02","2021-03-01 15:41:06+01",NULL,NULL,NULL
13651,565,2,"3","261980-04","2019-07-23 12:02:48+02","2020-10-20 05:08:09+02",NULL,NULL,NULL
13632,565,3,"0","261449-07","2020-04-17 06:19:17+02","2020-10-23 12:05:41+02",NULL,NULL,NULL
13637,565,3,"1","262682-08","2019-07-23 12:10:07+02","2020-10-23 12:05:41+02",NULL,NULL,NULL
13642,565,3,"3","262076-09","2019-07-23 12:09:49+02","2020-06-27 19:15:56+02",NULL,NULL,NULL
13641,565,3,"4","261592-08","2019-07-23 12:09:49+02","2020-10-23 12:05:41+02",NULL,NULL,NULL
13635,565,3,"5","261654-04","2019-07-23 12:10:07+02","2020-10-23 12:05:41+02",NULL,NULL,NULL
13634,565,3,"6","261650-08","2019-07-23 12:10:07+02","2020-10-23 12:05:41+02",NULL,NULL,NULL
13640,565,3,"7","261446-01","2019-07-23 12:09:49+02","2020-10-23 12:05:43+02",NULL,NULL,NULL
11754,569,0,"6","226012-06","2019-07-30 16:18:03+02","2021-03-29 19:27:46+02",NULL,NULL,NULL
11777,569,1,"2","212336-04","2019-07-30 15:54:14+02","2019-09-25 12:34:38+02",NULL,NULL,NULL
11776,569,1,"3","210403-09","2019-07-30 15:54:14+02","2019-09-25 12:34:38+02",NULL,NULL,NULL
11775,569,1,"5","213406-06","2019-07-30 15:54:14+02","2019-09-25 12:34:30+02",NULL,NULL,NULL
11766,569,2,"6","261381-07","2019-07-30 15:54:14+02","2020-09-09 00:14:09+02",NULL,NULL,NULL
11764,569,3,"0","261360-06","2019-07-30 15:54:14+02","2020-05-28 12:17:05+02",NULL,NULL,NULL
11725,569,3,"0","272137-05","2020-05-28 12:17:05+02","2021-01-04 16:14:10+01",NULL,NULL,NULL
11763,569,3,"1","263444-03","2019-07-30 15:54:15+02","2020-05-30 07:05:02+02",NULL,NULL,NULL
11718,569,3,"1","272856-03","2020-05-30 07:05:02+02","2021-01-04 16:14:10+01",NULL,NULL,NULL
11733,569,3,"2","264118-07","2019-09-10 13:17:35+02","2020-02-24 16:09:04+01",NULL,NULL,NULL
11727,569,3,"2","271169-01","2020-02-24 16:09:04+01","2020-05-28 12:17:05+02",NULL,NULL,NULL
11762,569,3,"3","262904-05","2019-07-30 15:54:15+02","2020-02-24 16:09:06+01",NULL,NULL,NULL
11726,569,3,"3","271169-03","2020-02-24 16:09:06+01","2020-05-28 12:17:05+02",NULL,NULL,NULL
11723,569,3,"3","274454-01","2020-05-28 12:17:05+02","2021-01-04 16:14:10+01",NULL,NULL,NULL
11732,569,3,"4","264085-05","2019-09-14 07:26:03+02","2020-05-28 12:17:05+02",NULL,NULL,NULL
11722,569,3,"4","267056-09","2020-05-28 12:17:05+02","2021-01-04 16:14:10+01",NULL,NULL,NULL
11761,569,3,"5","261622-01","2019-07-30 15:54:15+02","2020-05-28 12:17:05+02",NULL,NULL,NULL
11760,569,3,"6","260870-09","2019-07-30 15:54:15+02","2020-05-28 12:17:05+02",NULL,NULL,NULL
11759,569,3,"7","263000-05","2019-07-30 15:54:15+02","2020-05-28 12:17:05+02",NULL,NULL,NULL
16832,587,1,"5","263625-03","2019-10-12 12:59:55+02","2020-10-18 02:43:39+02",NULL,NULL,NULL
16845,587,2,"3","264120-10","2019-09-03 04:31:19+02","2021-04-13 14:39:13+02",NULL,NULL,NULL
16841,587,3,"0","263622-07","2019-09-03 04:31:19+02","2020-06-09 09:42:27+02",NULL,NULL,NULL
16814,587,3,"1","272338-01","2020-05-25 09:06:51+02","2020-09-15 11:47:36+02",NULL,NULL,NULL
16839,587,3,"2","263025-06","2019-09-03 04:31:19+02","2019-11-26 20:51:19+01",NULL,NULL,NULL
26534,587,3,"2","275115-07","2020-09-15 11:47:36+02","2020-12-08 06:03:36+01",NULL,NULL,NULL
16809,587,3,"3","272451-02","2020-06-09 09:42:40+02","2020-09-15 11:47:36+02",NULL,NULL,NULL
26533,587,3,"3","275654-07","2020-09-15 11:47:36+02","2020-12-08 06:03:36+01",NULL,NULL,NULL
16837,587,3,"4","262674-09","2019-09-03 04:31:19+02","2020-05-25 09:06:51+02",NULL,NULL,NULL
26536,587,3,"4","277153-07","2020-09-15 11:47:26+02","2020-12-08 06:03:36+01",NULL,NULL,NULL
16836,587,3,"5","262954-03","2019-09-03 04:31:19+02","2020-04-09 04:01:24+02",NULL,NULL,NULL
35334,587,3,"5","277955-10","2020-12-08 06:03:36+01","2021-03-24 03:21:59+01",NULL,NULL,NULL
16835,587,3,"6","261652-07","2019-09-03 04:31:19+02","2020-05-25 09:06:51+02",NULL,NULL,NULL
35333,587,3,"6","277961-05","2020-12-08 06:03:36+01","2021-03-24 03:21:59+01",NULL,NULL,NULL
16834,587,3,"7","263372-05","2019-09-03 04:31:19+02","2020-06-09 09:42:40+02",NULL,NULL,NULL
16867,587,4,"0","262399-09","2019-09-03 04:31:17+02","2020-10-27 07:12:08+01",NULL,NULL,NULL
16866,587,4,"1","263025-07","2019-09-03 04:31:17+02","2020-06-03 12:04:32+02",NULL,NULL,NULL
16811,587,4,"1","272460-04","2020-06-03 12:04:32+02","2020-10-27 07:12:08+01",NULL,NULL,NULL
16827,587,4,"2","262399-03","2019-12-03 17:14:55+01","2020-03-25 23:05:30+01",NULL,NULL,NULL
16865,587,4,"3","263475-01","2019-09-03 04:31:17+02","2020-05-12 05:38:37+02",NULL,NULL,NULL
16864,587,4,"4","262954-02","2019-09-03 04:31:17+02","2020-05-12 05:38:32+02",NULL,NULL,NULL
16863,587,4,"5","265230-09","2019-09-03 04:31:17+02","2020-10-27 07:12:09+01",NULL,NULL,NULL
9154,592,3,"7","264131-03","2019-09-09 23:34:37+02","2020-08-26 06:43:42+02",NULL,NULL,NULL
9134,592,4,"0","263475-04","2019-09-09 23:45:09+02","2020-12-09 22:06:33+01",NULL,NULL,NULL
9145,592,4,"1","263544-08","2019-09-09 23:44:22+02","2020-12-09 22:06:46+01",NULL,NULL,NULL
9117,592,4,"2","262674-07","2019-09-10 14:35:56+02","2020-12-09 22:06:08+01",NULL,NULL,NULL
9153,592,4,"3","264673-07","2019-09-09 23:34:38+02","2020-12-09 22:06:20+01",NULL,NULL,NULL
9133,592,4,"4","261528-02","2019-09-09 23:45:09+02","2020-12-09 22:06:33+01",NULL,NULL,NULL
9144,592,4,"5","263624-08","2019-09-09 23:44:22+02","2020-12-09 22:06:14+01",NULL,NULL,NULL
9108,592,4,"6","262076-02","2019-09-10 15:09:09+02","2020-12-09 22:06:17+01",NULL,NULL,NULL
9152,592,4,"7","265230-08","2019-09-09 23:34:39+02","2020-12-09 22:06:21+01",NULL,NULL,NULL
9150,592,7,"7","261377-06","2019-09-09 23:34:41+02","2020-12-09 22:06:31+01",NULL,NULL,NULL
607,600,1,"4","264073-02","2019-11-07 01:38:01+01","2020-02-14 10:12:07+01",NULL,NULL,NULL
613,600,1,"7","262365-02","2019-09-24 08:55:02+02","2021-02-24 10:31:29+01",NULL,NULL,NULL
629,600,2,"0","262441-03","2019-09-24 08:52:56+02","2019-12-01 14:49:03+01",NULL,NULL,NULL
624,600,2,"7","261652-09","2019-09-24 08:52:56+02","2020-04-16 18:20:00+02",NULL,NULL,NULL
592,600,3,"0","264564-07","2020-02-22 03:58:08+01","2021-03-10 09:16:39+01",NULL,NULL,NULL
590,600,3,"1","265230-04","2020-02-27 20:57:09+01","2021-03-10 09:16:39+01",NULL,NULL,NULL
622,600,3,"3","264133-10","2019-09-24 08:52:57+02","2019-11-27 19:16:16+01",NULL,NULL,NULL
620,600,3,"5","262900-06","2019-09-24 08:52:57+02","2020-04-03 02:24:33+02",NULL,NULL,NULL
3861,614,1,"4","269752-02","2019-10-15 12:02:44+02","2020-05-27 00:38:44+02",NULL,NULL,NULL
3860,614,1,"6","270045-09","2019-10-15 12:02:44+02","2020-08-30 14:02:38+02",NULL,NULL,NULL
3809,614,2,"2","269942-10","2020-07-02 23:46:39+02","2021-02-03 20:51:49+01",NULL,NULL,NULL
3805,614,3,"7","267487-05","2020-07-23 19:40:36+02","2020-09-12 20:24:32+02",NULL,NULL,NULL
3837,614,4,"6","269944-01","2020-03-05 06:43:39+01","2020-05-05 02:02:07+02",NULL,NULL,NULL
5289,622,0,"0","269555-01","2019-10-28 12:30:02+01","2020-05-29 21:31:31+02",NULL,NULL,NULL
5288,622,0,"1","269945-05","2019-10-28 12:30:02+01","2020-01-15 13:23:55+01",NULL,NULL,NULL
5284,622,0,"5","269925-04","2019-10-28 12:30:02+01","2020-05-08 22:16:28+02",NULL,NULL,NULL
5277,622,1,"5","269718-01","2019-10-28 12:30:03+01","2021-03-10 13:06:25+01",NULL,NULL,NULL
5276,622,1,"7","270076-05","2019-10-28 12:30:03+01","2021-03-04 09:29:59+01",NULL,NULL,NULL
5275,622,2,"0","267494-05","2019-10-28 12:30:03+01","2020-05-04 19:57:41+02",NULL,NULL,NULL
5270,622,2,"5","264115-07","2019-10-28 12:30:03+01","2020-12-02 14:51:07+01",NULL,NULL,NULL
5268,622,3,"0","267487-06","2019-10-28 12:30:03+01","2020-12-14 21:07:56+01",NULL,NULL,NULL
36814,628,3,"0","279212-02","2020-12-16 00:33:59+01","2021-02-09 20:06:58+01",NULL,NULL,NULL
2791,675,0,"2","270594-04","2019-11-28 14:21:44+01","2020-01-13 09:12:20+01",NULL,NULL,NULL
2752,675,2,"2","270594-03","2019-11-29 07:59:25+01","2020-10-16 09:57:00+02",NULL,NULL,NULL
29528,675,2,"2","276668-01","2020-10-16 09:57:00+02","2021-02-02 08:11:19+01",NULL,NULL,NULL
2749,675,2,"3","270341-09","2019-11-29 08:04:42+01","2021-02-15 14:19:15+01",NULL,NULL,NULL
2758,675,2,"4","270345-03","2019-11-29 07:58:50+01","2020-10-21 14:52:56+02",NULL,NULL,NULL
2806,675,4,"0","270565-03","2019-11-28 14:21:43+01","2020-09-12 08:06:58+02",NULL,NULL,NULL
6373,679,0,"2","270698-02","2019-12-03 17:18:25+01","2021-02-28 07:36:50+01",NULL,NULL,NULL
6370,679,0,"5","270698-10","2019-12-03 17:18:25+01","2020-06-20 18:47:23+02",NULL,NULL,NULL
26823,679,0,"6","269717-10","2020-09-19 23:26:43+02","2021-04-27 22:04:19+02",NULL,NULL,NULL
6364,679,1,"3","270794-10","2019-12-03 17:18:26+01","2021-01-05 18:56:29+01",NULL,NULL,NULL
6357,679,2,"3","269505-10","2019-12-03 17:18:27+01","2020-08-15 02:50:41+02",NULL,NULL,NULL
6382,679,4,"0","270346-05","2019-12-03 17:18:24+01","2020-12-09 11:18:55+01",NULL,NULL,NULL
6377,679,4,"6","270594-09","2019-12-03 17:18:25+01","2021-04-27 22:04:18+02",NULL,NULL,NULL
6376,679,4,"7","270612-06","2019-12-03 17:18:25+01","2021-04-27 22:04:21+02",NULL,NULL,NULL
5752,686,0,"5","270848-06","2019-12-17 15:55:36+01","2020-12-16 13:04:54+01",NULL,NULL,NULL
5745,686,1,"5","270726-01","2019-12-17 15:55:37+01","2020-03-04 16:12:59+01",NULL,NULL,NULL
5733,686,3,"3","270561-08","2019-12-17 15:55:38+01","2020-12-02 20:53:38+01",NULL,NULL,NULL
5730,686,3,"6","270955-02","2019-12-17 15:55:38+01","2020-12-16 11:01:11+01",NULL,NULL,NULL
16888,695,1,"7","270601-06","2020-01-09 19:13:07+01","2020-05-29 17:39:21+02",NULL,NULL,NULL
16900,695,4,"0","260875-06","2020-01-09 19:13:07+01","2021-01-26 16:34:34+01",NULL,NULL,NULL
16898,695,4,"2","261861-05","2020-01-09 19:13:07+01","2020-11-09 18:07:11+01",NULL,NULL,NULL
16909,695,4,"3","261981-06","2020-01-09 19:01:10+01","2021-01-26 16:34:34+01",NULL,NULL,NULL
16876,695,4,"5","261865-06","2020-01-09 19:13:13+01","2020-07-06 11:37:42+02",NULL,NULL,NULL
21075,724,3,"3","271845-01","2020-01-29 05:22:19+01","2021-01-20 12:13:19+01",NULL,NULL,NULL
21098,724,3,"4","271847-01","2020-01-29 05:10:58+01","2020-10-14 10:36:51+02",NULL,NULL,NULL
13107,730,0,"4","271480-01","2020-02-12 08:35:56+01","2020-08-13 14:02:05+02",NULL,NULL,NULL
13079,730,1,"3","270853-10","2020-02-12 08:37:09+01","2020-11-03 16:34:12+01",NULL,NULL,NULL
13070,730,5,"7","271814-04","2020-04-30 13:38:40+02","2020-07-13 08:11:19+02",NULL,NULL,NULL
5964,736,3,"1","256824-09","2019-01-08 14:56:44+01","2020-07-16 08:27:20+02",NULL,NULL,NULL
5959,736,3,"7","262900-10","2019-09-09 22:12:32+02","2020-12-15 14:37:00+01",NULL,NULL,NULL
21518,740,0,"7","271169-07","2020-01-23 03:36:11+01","2020-02-26 02:03:37+01",NULL,NULL,NULL
21509,740,2,"0","270299-04","2020-01-23 03:36:11+01","2020-07-21 19:53:04+02",NULL,NULL,NULL
21498,740,3,"3","270125-03","2020-01-23 03:36:11+01","2020-10-31 16:59:37+01",NULL,NULL,NULL
14550,747,0,"5","273115-05","2020-03-09 09:12:01+01","2020-11-06 17:18:15+01",NULL,NULL,NULL
14525,747,2,"0","271781-07","2020-03-09 09:41:52+01","2020-07-03 21:16:34+02",NULL,NULL,NULL
14538,747,3,"6","271442-06","2020-03-09 09:12:04+01","2020-12-15 10:37:49+01",NULL,NULL,NULL
14561,747,4,"1","271856-08","2020-03-09 09:12:00+01","2020-09-16 17:52:50+02",NULL,NULL,NULL
14556,747,4,"6","272020-08","2020-03-09 09:12:01+01","2020-12-15 11:32:25+01",NULL,NULL,NULL
14555,747,4,"7","264886-05","2020-03-09 09:12:01+01","2020-09-16 17:52:50+02",NULL,NULL,NULL
5536,750,0,"7","271276-02","2020-02-26 08:49:44+01","2020-05-06 07:31:56+02",NULL,NULL,NULL
5579,750,1,"0","272060-02","2020-02-26 08:37:03+01","2020-05-26 08:48:13+02",NULL,NULL,NULL
5532,750,4,"1","271856-07","2020-02-26 11:46:27+01","2020-06-12 15:31:52+02",NULL,NULL,NULL
15355,754,0,"7","270304-03","2020-04-06 22:03:08+02","2020-10-01 00:13:15+02",NULL,NULL,NULL
15364,754,5,"7","270299-10","2020-04-06 22:02:52+02","2020-10-01 00:13:15+02",NULL,NULL,NULL
16049,762,0,"1","273600-02","2020-04-21 10:13:57+02","2020-10-12 06:48:07+02",NULL,NULL,NULL
16047,762,0,"3","272812-09","2020-04-21 10:13:58+02","2020-07-18 07:47:27+02",NULL,NULL,NULL
16044,762,0,"6","271842-05","2020-04-21 10:13:58+02","2020-09-08 12:10:49+02",NULL,NULL,NULL
16041,762,1,"3","272279-03","2020-04-21 10:13:58+02","2021-02-01 07:25:15+01",NULL,NULL,NULL
16040,762,1,"4","272279-05","2020-04-21 10:13:58+02","2020-12-08 08:17:27+01",NULL,NULL,NULL
16038,762,1,"6","272521-03","2020-04-21 10:13:58+02","2021-02-02 04:31:01+01",NULL,NULL,NULL
16036,762,2,"2","273665-09","2020-04-21 10:13:59+02","2020-10-13 02:23:17+02",NULL,NULL,NULL
16032,762,2,"6","272020-01","2020-04-21 10:13:59+02","2020-11-07 16:05:31+01",NULL,NULL,NULL
16031,762,3,"1","271819-04","2020-04-21 10:13:59+02","2020-10-30 06:03:41+01",NULL,NULL,NULL
31902,762,3,"1","277152-05","2020-10-30 06:03:41+01","2021-03-08 12:57:15+01",NULL,NULL,NULL
16029,762,3,"3","272277-02","2020-04-21 10:13:59+02","2020-07-02 12:47:57+02",NULL,NULL,NULL
16028,762,3,"4","270857-08","2020-04-21 10:13:59+02","2021-03-08 12:57:16+01",NULL,NULL,NULL
16027,762,3,"5","272042-07","2020-04-21 10:13:59+02","2021-03-08 12:57:16+01",NULL,NULL,NULL
16026,762,3,"6","272518-02","2020-04-21 10:14:00+02","2020-09-09 10:41:27+02",NULL,NULL,NULL
26444,762,3,"6","270301-08","2020-09-09 10:41:27+02","2021-03-08 12:57:16+01",NULL,NULL,NULL
43245,762,3,"6","278532-10","2021-03-08 12:57:16+01","2021-04-22 02:24:39+02",NULL,NULL,NULL
7059,764,0,"1","272684-08","2020-04-16 09:15:06+02","2021-02-06 15:20:30+01",NULL,NULL,NULL
7041,764,0,"7","271823-03","2020-04-16 09:42:56+02","2020-09-14 13:32:27+02",NULL,NULL,NULL
7049,764,1,"4","273293-10","2020-04-16 09:17:25+02","2020-09-07 05:56:13+02",NULL,NULL,NULL
7055,764,3,"7","272011-04","2020-04-16 09:15:06+02","2020-11-23 18:49:10+01",NULL,NULL,NULL
32148,772,1,"6","272179-03","2020-05-04 17:25:29+02","2020-08-15 14:19:48+02",NULL,NULL,NULL
32147,772,2,"2","273175-05","2020-05-04 17:25:29+02","2020-10-23 23:03:08+02",NULL,NULL,NULL
32157,772,3,"0","271847-03","2020-05-04 17:25:24+02","2021-01-14 18:57:14+01",NULL,NULL,NULL
32145,772,3,"2","273510-01","2020-05-04 17:25:29+02","2020-09-04 16:06:20+02",NULL,NULL,NULL
32126,772,4,"3","273212-07","2020-08-14 18:45:02+02","2020-10-16 18:05:08+02",NULL,NULL,NULL
32149,772,4,"5","273544-02","2020-05-04 17:25:28+02","2020-10-16 16:02:34+02",NULL,NULL,NULL
32142,772,4,"6","273544-01","2020-05-04 17:25:30+02","2021-04-08 23:50:09+02",NULL,NULL,NULL
74017,773,1,"2","272667-02","2020-05-08 02:10:31+02","2020-12-01 08:26:01+01",NULL,NULL,NULL
74008,773,2,"7","272530-09","2020-05-08 02:10:32+02","2020-12-19 12:41:00+01",NULL,NULL,NULL
74029,773,4,"2","272279-04","2020-05-08 02:10:30+02","2021-04-07 08:05:27+02",NULL,NULL,NULL
16949,780,1,"3","273179-07","2020-05-15 02:12:18+02","2020-08-03 03:49:38+02",NULL,NULL,NULL
16915,780,1,"5","273097-02","2020-06-27 01:37:55+02","2021-02-05 01:50:45+01",NULL,NULL,NULL
3321,788,0,"4","274604-10","2020-05-26 10:56:55+02","2020-08-07 02:46:20+02",NULL,NULL,NULL
3320,788,0,"5","273177-03","2020-05-26 10:56:55+02","2020-07-01 22:17:43+02",NULL,NULL,NULL
3318,788,0,"7","272852-04","2020-05-26 10:56:55+02","2020-06-30 16:24:59+02",NULL,NULL,NULL
3317,788,1,"0","272661-10","2020-05-26 10:56:56+02","2020-06-30 09:12:21+02",NULL,NULL,NULL
3315,788,1,"2","272457-01","2020-05-26 10:56:56+02","2020-09-09 04:36:20+02",NULL,NULL,NULL
3311,788,1,"6","272326-06","2020-05-26 10:56:56+02","2020-06-29 15:10:20+02",NULL,NULL,NULL
3292,788,3,"2","272677-05","2020-05-26 11:13:54+02","2020-12-19 08:37:02+01",NULL,NULL,NULL
884,795,5,"1","272662-08","2020-06-04 11:46:23+02","2020-11-30 14:00:29+01",NULL,NULL,NULL
12528,800,1,"2","249502-09","2019-06-17 12:50:38+02","2020-02-04 08:50:04+01",NULL,NULL,NULL
12530,800,1,"7","249785-03","2019-05-21 05:06:09+02","2019-06-25 03:47:37+02",NULL,NULL,NULL
12533,800,3,"0","250175-08","2019-04-25 07:04:34+02","2020-07-14 10:44:26+02",NULL,NULL,NULL
12481,800,3,"1","270976-02","2020-02-06 15:37:49+01","2020-07-14 10:44:26+02",NULL,NULL,NULL
12535,800,3,"2","249501-01","2019-04-15 10:56:57+02","2020-07-14 10:44:03+02",NULL,NULL,NULL
12502,800,5,"2","271453-09","2020-02-05 16:33:27+01","2020-07-08 13:59:07+02",NULL,NULL,NULL
26298,801,1,"5","274675-05","2020-06-15 08:26:41+02","2021-03-06 04:10:06+01",NULL,NULL,NULL
26310,801,4,"2","274774-07","2020-06-15 08:26:19+02","2020-08-27 06:31:36+02",NULL,NULL,NULL
26283,801,4,"5","274604-03","2020-06-15 08:33:49+02","2020-11-09 11:18:49+01",NULL,NULL,NULL
32036,801,4,"5","277525-10","2020-11-09 11:18:49+01","2021-03-26 12:58:31+01",NULL,NULL,NULL
26282,801,4,"6","274405-07","2020-06-15 08:33:49+02","2021-03-26 12:58:31+01",NULL,NULL,NULL
21341,804,0,"2","272449-02","2020-06-17 07:07:23+02","2021-04-18 14:17:50+02",NULL,NULL,NULL
21338,804,1,"1","273404-10","2020-06-17 07:07:24+02","2020-12-17 00:08:05+01",NULL,NULL,NULL
21336,804,1,"3","274795-09","2020-06-17 07:07:24+02","2020-09-16 23:34:55+02",NULL,NULL,NULL
21328,804,2,"3","274690-07","2020-06-17 07:07:24+02","2020-10-26 11:35:27+01",NULL,NULL,NULL
21326,804,2,"5","274774-10","2020-06-17 07:07:24+02","2021-03-29 11:01:02+02",NULL,NULL,NULL
21324,804,2,"7","272450-04","2020-06-17 07:07:24+02","2020-10-05 10:20:28+02",NULL,NULL,NULL
71319,806,1,"7","274888-03","2020-06-18 10:08:35+02","2020-09-30 08:25:48+02",NULL,NULL,NULL
71317,806,2,"1","274685-08","2020-06-18 10:08:35+02","2020-12-18 13:02:42+01",NULL,NULL,NULL
71312,806,2,"6","274870-02","2020-06-18 10:08:35+02","2021-02-20 01:52:13+01",NULL,NULL,NULL
71305,806,3,"0","273191-01","2020-08-06 03:13:51+02","2020-10-12 02:06:38+02",NULL,NULL,NULL
71311,806,3,"2","273191-10","2020-06-18 10:08:35+02","2021-02-02 07:03:24+01",NULL,NULL,NULL
72700,811,2,"0","275609-02","2020-06-23 14:01:19+02","2020-09-18 13:53:39+02",NULL,NULL,NULL
72699,811,2,"1","275851-05","2020-06-23 14:01:19+02","2020-09-24 20:04:52+02",NULL,NULL,NULL
72695,811,2,"5","274964-03","2020-06-23 14:01:19+02","2020-09-17 13:03:50+02",NULL,NULL,NULL
72688,811,3,"4","272472-06","2020-06-23 14:01:20+02","2020-11-12 12:55:52+01",NULL,NULL,NULL
18393,816,1,"3","273692-04","2020-07-13 10:04:17+02","2021-04-26 15:13:29+02",NULL,NULL,NULL
18392,816,1,"4","273692-07","2020-07-13 10:04:18+02","2021-04-26 15:13:32+02",NULL,NULL,NULL
18377,816,2,"1","273701-07","2020-07-13 10:04:18+02","2021-03-31 08:55:37+02",NULL,NULL,NULL
18364,816,2,"5","273629-08","2020-07-13 10:04:38+02","2020-10-15 09:10:23+02",NULL,NULL,NULL
18361,816,4,"3","275851-07","2020-07-13 10:05:08+02","2021-03-29 15:41:27+02",NULL,NULL,NULL
14337,820,5,"8","268871-07","2020-06-10 16:07:57+02","2020-12-15 15:18:45+01",NULL,NULL,NULL
14353,820,5,"9","272470-03","2020-06-10 15:28:23+02","2020-12-15 15:18:11+01",NULL,NULL,NULL
14316,820,6,"9","272279-02","2020-06-10 16:16:35+02","2020-09-30 10:51:28+02",NULL,NULL,NULL
20239,824,3,"3","274876-04","2020-07-29 14:19:26+02","2021-03-23 13:41:29+01",NULL,NULL,NULL
20267,824,4,"5","275110-09","2020-07-29 14:19:23+02","2020-11-23 12:38:58+01",NULL,NULL,NULL
20266,824,4,"6","275541-07","2020-07-29 14:19:23+02","2020-11-18 19:51:32+01",NULL,NULL,NULL
20283,825,3,"2","272103-08","2020-03-02 13:41:43+01","2020-10-06 13:22:23+02",NULL,NULL,NULL
20282,825,3,"3","270018-02","2020-03-02 13:41:58+01","2020-10-06 13:21:53+02",NULL,NULL,NULL
20274,825,4,"5","273383-02","2020-06-09 11:48:12+02","2020-08-14 11:02:52+02",NULL,NULL,NULL
20286,825,4,"6","260864-05","2019-06-12 19:49:33+02","2019-11-27 04:02:14+01",NULL,NULL,NULL
24807,830,1,"0","260878-06","2019-05-07 05:02:04+02","2019-07-29 10:24:15+02",NULL,NULL,NULL
24811,830,1,"1","260734-01","2019-04-18 10:23:58+02","2019-07-29 10:24:15+02",NULL,NULL,NULL
24814,830,1,"2","260956-08","2019-04-04 03:14:54+02","2019-07-29 10:24:15+02",NULL,NULL,NULL
24813,830,1,"3","261321-07","2019-04-04 03:14:55+02","2019-07-29 10:24:15+02",NULL,NULL,NULL
24802,830,1,"3","262677-08","2019-07-29 10:24:15+02","2020-03-09 05:27:56+01",NULL,NULL,NULL
24806,830,1,"4","256299-07","2019-05-07 05:02:04+02","2019-07-29 10:24:15+02",NULL,NULL,NULL
24801,830,1,"4","261980-08","2019-07-29 10:24:15+02","2020-04-28 08:57:28+02",NULL,NULL,NULL
24815,830,1,"5","247184-02","2019-03-27 23:46:48+01","2019-07-29 10:24:15+02",NULL,NULL,NULL
24810,830,1,"6","262103-07","2019-04-18 10:23:58+02","2019-07-29 10:24:15+02",NULL,NULL,NULL
24809,830,1,"7","261212-08","2019-04-18 10:23:58+02","2019-07-29 10:24:16+02",NULL,NULL,NULL
24794,830,3,"1","241178-05","2019-09-20 15:09:25+02","2020-07-30 06:43:39+02",NULL,NULL,NULL
24792,830,3,"2","246503-06","2019-10-28 23:46:36+01","2020-07-30 06:43:44+02",NULL,NULL,NULL
24789,830,3,"3","245291-06","2019-11-30 19:29:06+01","2020-07-30 06:43:55+02",NULL,NULL,NULL
24871,831,0,"0","261367-03","2020-01-18 04:47:29+01","2020-11-04 11:04:23+01",NULL,NULL,NULL
24886,831,0,"2","261367-02","2019-05-23 00:01:33+02","2019-08-23 08:48:37+02",NULL,NULL,NULL
24883,831,0,"6","261870-03","2019-05-23 00:01:33+02","2020-01-28 15:39:01+01",NULL,NULL,NULL
24900,831,1,"5","262046-10","2019-05-22 23:59:37+02","2020-01-20 09:12:35+01",NULL,NULL,NULL
24897,831,2,"5","261212-09","2019-05-22 23:59:39+02","2020-09-18 00:13:41+02",NULL,NULL,NULL
24902,831,3,"7","261319-04","2019-05-22 23:59:33+02","2019-12-30 19:44:37+01",NULL,NULL,NULL
24899,831,4,"1","261316-06","2019-05-22 23:59:39+02","2020-06-25 01:20:05+02",NULL,NULL,NULL
24901,831,4,"4","262106-03","2019-05-22 23:59:37+02","2020-06-24 18:43:58+02",NULL,NULL,NULL
24907,831,4,"7","261208-10","2019-05-22 23:50:47+02","2020-06-04 15:52:57+02",NULL,NULL,NULL
24999,832,4,"5","272012-08","2020-07-27 07:24:18+02","2021-01-14 15:46:46+01",NULL,NULL,NULL
24963,832,7,"11","274794-05","2020-07-27 07:31:05+02","2020-10-09 09:31:08+02",NULL,NULL,NULL
39605,833,0,"1","280497-04","2021-01-28 13:09:23+01","2021-03-04 07:00:10+01",NULL,NULL,NULL
25049,833,0,"6","212411-07","2019-02-20 05:18:33+01","2019-08-21 11:50:05+02",NULL,NULL,NULL
25055,833,1,"5","247964-03","2019-02-13 16:53:52+01","2021-04-22 12:58:42+02",NULL,NULL,NULL
25037,833,3,"0","246413-07","2019-04-02 09:52:38+02","2019-11-06 16:57:05+01",NULL,NULL,NULL
25023,833,3,"0","263022-02","2019-11-06 16:57:05+01","2020-01-14 18:28:01+01",NULL,NULL,NULL
25021,833,3,"0","269721-07","2020-01-14 18:28:01+01","2020-07-27 15:50:12+02",NULL,NULL,NULL
25005,833,3,"0","272102-06","2020-08-20 11:44:37+02","2021-03-22 17:11:28+01",NULL,NULL,NULL
25036,833,3,"1","250176-08","2019-04-02 09:52:38+02","2020-01-14 18:28:01+01",NULL,NULL,NULL
39604,833,3,"1","276554-07","2021-01-28 13:09:24+01","2021-03-22 17:11:29+01",NULL,NULL,NULL
25039,833,3,"2","249595-09","2019-03-28 07:37:52+01","2020-01-14 18:28:02+01",NULL,NULL,NULL
25019,833,3,"2","270611-08","2020-01-14 18:28:02+01","2021-01-28 13:09:24+01",NULL,NULL,NULL
39603,833,3,"2","277754-04","2021-01-28 13:09:24+01","2021-03-22 17:11:29+01",NULL,NULL,NULL
25035,833,3,"3","250024-05","2019-04-02 09:52:38+02","2020-07-27 15:50:12+02",NULL,NULL,NULL
25014,833,3,"3","274911-04","2020-07-27 15:50:12+02","2021-03-23 09:53:52+01",NULL,NULL,NULL
25044,833,3,"4","253466-09","2019-03-13 16:21:22+01","2020-07-27 15:50:12+02",NULL,NULL,NULL
25034,833,3,"5","258894-08","2019-04-02 09:52:38+02","2019-08-22 12:58:34+02",NULL,NULL,NULL
25024,833,3,"5","261846-07","2019-08-22 12:58:34+02","2020-09-09 15:02:23+02",NULL,NULL,NULL
25032,833,3,"6","258961-04","2019-04-03 22:31:11+02","2020-09-09 15:02:23+02",NULL,NULL,NULL
26445,833,3,"6","277021-07","2020-09-09 15:02:23+02","2021-03-22 17:11:31+01",NULL,NULL,NULL
25033,833,3,"7","249595-01","2019-04-02 09:52:38+02","2020-07-27 15:50:12+02",NULL,NULL,NULL
25012,833,3,"7","273212-09","2020-07-27 15:50:12+02","2021-03-22 17:11:31+01",NULL,NULL,NULL
25018,833,4,"0","272137-04","2020-05-04 15:36:02+02","2020-12-02 09:40:10+01",NULL,NULL,NULL
25028,833,4,"1","263113-01","2019-08-21 11:50:04+02","2020-05-04 15:36:02+02",NULL,NULL,NULL
25017,833,4,"1","272041-02","2020-05-04 15:36:02+02","2021-01-27 15:10:17+01",NULL,NULL,NULL
25027,833,4,"6","263625-07","2019-08-21 11:50:04+02","2021-01-27 15:18:37+01",NULL,NULL,NULL
25025,833,4,"7","263738-09","2019-08-21 15:29:23+02","2021-01-27 15:10:18+01",NULL,NULL,NULL
26448,833,5,"0","274263-05","2020-09-09 15:02:22+02","2020-12-30 15:45:42+01",NULL,NULL,NULL
25011,833,5,"1","272450-09","2020-07-29 13:41:16+02","2020-12-30 15:45:42+01",NULL,NULL,NULL
25022,833,5,"2","229719-10","2020-01-14 18:19:42+01","2020-12-30 15:45:42+01",NULL,NULL,NULL
26447,833,5,"4","274328-10","2020-09-09 15:02:22+02","2020-12-30 15:45:42+01",NULL,NULL,NULL
25010,833,5,"5","272681-08","2020-07-29 13:41:16+02","2020-12-30 15:45:42+01",NULL,NULL,NULL
28960,834,4,"3","275368-07","2020-10-09 17:45:38+02","2020-11-20 18:28:46+01",NULL,NULL,NULL
26489,843,1,"2","276663-09","2020-09-07 11:50:49+02","2020-12-22 15:33:42+01",NULL,NULL,NULL
26921,848,3,"0","270956-02","2020-02-11 17:37:28+01","2020-07-15 13:20:33+02",NULL,NULL,NULL
26913,848,3,"0","272515-06","2020-07-15 13:20:33+02","2021-01-25 18:16:12+01",NULL,NULL,NULL
26920,848,3,"1","271456-03","2020-02-11 17:37:28+01","2020-09-22 13:21:33+02",NULL,NULL,NULL
26895,848,3,"1","272454-07","2020-09-22 13:21:33+02","2021-01-25 18:16:13+01",NULL,NULL,NULL
26919,848,3,"2","270699-02","2020-02-11 17:37:28+01","2020-07-15 13:20:33+02",NULL,NULL,NULL
26912,848,3,"2","273188-10","2020-07-15 13:20:33+02","2021-01-25 18:16:12+01",NULL,NULL,NULL
26918,848,3,"3","270604-03","2020-02-11 17:37:28+01","2020-07-15 13:20:33+02",NULL,NULL,NULL
26911,848,3,"3","273452-10","2020-07-15 13:20:33+02","2021-01-25 18:16:13+01",NULL,NULL,NULL
26917,848,3,"4","271842-02","2020-02-11 17:37:28+01","2020-07-15 13:20:33+02",NULL,NULL,NULL
26910,848,3,"4","273724-08","2020-07-15 13:20:33+02","2021-01-25 18:16:13+01",NULL,NULL,NULL
26916,848,3,"5","271195-02","2020-02-11 17:37:28+01","2020-07-15 13:20:33+02",NULL,NULL,NULL
26909,848,3,"5","274669-06","2020-07-15 13:20:33+02","2021-01-25 18:16:22+01",NULL,NULL,NULL
26915,848,3,"6","261619-07","2020-02-11 17:37:28+01","2020-07-15 13:20:33+02",NULL,NULL,NULL
26908,848,3,"6","274905-07","2020-07-15 13:20:33+02","2021-01-25 18:16:13+01",NULL,NULL,NULL
26914,848,3,"7","261980-01","2020-02-11 17:37:28+01","2020-07-15 13:20:33+02",NULL,NULL,NULL
26907,848,3,"7","275366-10","2020-07-15 13:20:33+02","2021-01-25 18:16:13+01",NULL,NULL,NULL
26906,848,5,"0","272940-10","2020-07-16 10:34:22+02","2021-01-27 10:43:47+01",NULL,NULL,NULL
26905,848,5,"1","274876-03","2020-07-16 10:34:23+02","2021-01-27 10:43:47+01",NULL,NULL,NULL
26924,848,7,"7","261556-06","2019-10-25 08:56:11+02","2021-01-27 10:43:47+01",NULL,NULL,NULL
27840,849,4,"1","275327-07","2020-09-23 14:54:53+02","2021-04-09 05:36:17+02",NULL,NULL,NULL
27820,849,4,"4","274886-03","2020-09-23 14:55:20+02","2021-04-12 09:29:39+02",NULL,NULL,NULL
27797,849,4,"6","275363-03","2020-09-23 14:55:44+02","2021-04-09 05:35:39+02",NULL,NULL,NULL
27838,849,4,"7","275444-07","2020-09-23 14:55:08+02","2021-04-09 05:35:51+02",NULL,NULL,NULL
29934,862,3,"0","277295-05","2020-10-15 16:06:49+02","2021-04-21 13:27:11+02",NULL,NULL,NULL
29933,862,3,"1","274286-10","2020-10-15 16:06:49+02","2021-04-21 13:19:50+02",NULL,NULL,NULL
29932,862,3,"2","276836-07","2020-10-15 16:06:49+02","2021-04-21 13:19:50+02",NULL,NULL,NULL
29931,862,3,"3","277160-07","2020-10-15 16:06:49+02","2021-04-21 13:27:11+02",NULL,NULL,NULL
29930,862,3,"4","277293-09","2020-10-15 16:06:49+02","2021-04-21 13:27:11+02",NULL,NULL,NULL
29929,862,3,"5","274080-10","2020-10-15 16:06:49+02","2021-04-21 13:19:50+02",NULL,NULL,NULL
29928,862,3,"6","277707-06","2020-10-15 16:06:49+02","2021-04-21 13:19:50+02",NULL,NULL,NULL
29961,862,4,"5","274479-08","2020-10-15 16:06:46+02","2021-04-19 06:54:23+02",NULL,NULL,NULL
32017,872,3,"6","275441-04","2020-10-30 09:39:48+01","2021-01-13 22:34:12+01",NULL,NULL,NULL
34079,885,3,"2","276817-06","2020-11-13 09:20:34+01","2021-02-22 10:43:59+01",NULL,NULL,NULL
33994,885,3,"9","274603-01","2020-11-18 14:47:47+01","2021-02-22 11:37:51+01",NULL,NULL,NULL
34048,885,7,"8","274792-02","2020-11-13 09:52:40+01","2021-02-08 17:16:19+01",NULL,NULL,NULL
36661,893,3,"10","277013-07","2020-12-03 15:16:32+01","2021-03-30 15:49:30+02",NULL,NULL,NULL
36665,893,3,"2","277153-09","2020-12-03 15:16:32+01","2021-03-30 15:49:25+02",NULL,NULL,NULL
36624,893,3,"6","275330-07","2020-12-03 15:18:33+01","2021-03-30 15:57:32+02",NULL,NULL,NULL
36663,893,3,"7","275548-08","2020-12-03 15:16:32+01","2021-03-30 15:49:25+02",NULL,NULL,NULL
37729,899,0,"10","261383-10","2019-07-16 12:43:56+02","2019-09-06 17:58:55+02",NULL,NULL,NULL
37699,899,3,"6","261946-03","2019-07-16 12:44:45+02","2019-10-24 16:40:58+02",NULL,NULL,NULL
37736,899,4,"6","261551-10","2019-07-15 14:55:30+02","2020-10-26 13:41:10+01",NULL,NULL,NULL
37733,899,4,"9","261437-01","2019-07-15 14:55:30+02","2020-10-26 13:40:05+01",NULL,NULL,NULL
37683,899,6,"6","276602-10","2020-10-29 13:46:11+01","2020-12-23 07:09:06+01",NULL,NULL,NULL
37757,900,1,"0","263543-08","2019-11-20 16:46:38+01","2020-02-05 16:31:01+01",NULL,NULL,NULL
37772,900,1,"2","256545-03","2019-01-03 17:33:37+01","2019-06-05 10:11:20+02",NULL,NULL,NULL
37760,900,1,"2","260864-08","2019-06-05 10:11:20+02","2020-10-25 16:44:59+01",NULL,NULL,NULL
37762,900,1,"3","261203-09","2019-06-04 16:05:41+02","2020-01-13 15:29:26+01",NULL,NULL,NULL
37764,900,3,"1","241037-08","2019-05-22 06:16:28+02","2020-10-25 16:44:59+01",NULL,NULL,NULL
38072,902,1,"2","261422-07","2019-05-08 08:27:19+02","2020-11-17 11:36:17+01",NULL,NULL,NULL
38073,902,1,"4","261587-08","2019-05-08 08:27:18+02","2019-09-17 23:48:12+02",NULL,NULL,NULL
38046,902,2,"3","261650-06","2020-05-08 11:10:17+02","2021-02-02 19:16:08+01",NULL,NULL,NULL
38081,902,3,"1","261450-04","2019-05-08 08:11:57+02","2021-02-02 07:53:51+01",NULL,NULL,NULL
38060,902,3,"5","261650-01","2019-09-18 11:40:47+02","2019-12-04 13:41:54+01",NULL,NULL,NULL
38053,902,4,"1","261203-04","2020-03-16 12:53:28+01","2020-04-25 06:20:33+02",NULL,NULL,NULL
38058,902,4,"6","260865-07","2019-10-03 09:27:26+02","2020-06-15 07:02:00+02",NULL,NULL,NULL
40533,913,0,"1","259011-04","2019-03-19 08:55:01+01","2020-04-28 14:05:29+02",NULL,NULL,NULL
40532,913,0,"2","245250-04","2019-03-19 08:55:01+01","2020-04-28 14:05:32+02",NULL,NULL,NULL
40531,913,0,"4","258956-08","2019-03-19 08:55:01+01","2019-12-04 06:51:48+01",NULL,NULL,NULL
40530,913,0,"6","259013-02","2019-03-19 08:55:01+01","2020-04-28 12:34:01+02",NULL,NULL,NULL
40529,913,1,"1","258956-01","2019-03-19 08:55:01+01","2020-04-28 12:27:42+02",NULL,NULL,NULL
40528,913,1,"2","259491-10","2019-03-19 08:55:01+01","2020-07-18 08:20:50+02",NULL,NULL,NULL
40535,913,1,"4","259496-09","2019-03-19 08:54:40+01","2019-08-13 10:02:45+02",NULL,NULL,NULL
40526,913,1,"5","258938-02","2019-03-19 08:55:01+01","2021-04-07 11:25:27+02",NULL,NULL,NULL
40525,913,1,"6","259297-09","2019-03-19 08:55:01+01","2020-04-28 12:27:50+02",NULL,NULL,NULL
40496,913,2,"1","259648-04","2020-07-24 06:43:43+02","2021-04-07 11:25:27+02",NULL,NULL,NULL
40521,913,3,"1","259862-02","2019-03-19 08:55:02+01","2020-11-26 12:12:23+01",NULL,NULL,NULL
40497,913,3,"3","259201-05","2020-07-22 04:30:14+02","2020-11-26 12:12:23+01",NULL,NULL,NULL
40475,913,3,"4","259644-05","2020-10-03 15:42:45+02","2020-11-26 12:12:23+01",NULL,NULL,NULL
40509,913,3,"5","258938-05","2020-01-16 05:08:34+01","2020-07-10 21:28:23+02",NULL,NULL,NULL
40499,913,3,"5","258938-04","2020-07-10 21:28:23+02","2020-11-26 12:12:23+01",NULL,NULL,NULL
40477,913,4,"1","25","2020-07-28 14:18:40+02","2021-04-07 11:34:32+02",NULL,NULL,NULL
42219,918,0,"4","280043-10","2021-02-18 15:50:59+01","2021-03-27 18:57:52+01",NULL,NULL,NULL
42230,918,4,"7","278790-07","2021-02-18 15:50:48+01","2021-03-27 19:30:57+01",NULL,NULL,NULL
42472,919,3,"0","269503-02","2020-01-23 13:01:59+01","2021-04-15 18:25:42+02",NULL,NULL,NULL
42471,919,3,"1","269751-07","2020-01-23 13:01:59+01","2021-04-15 18:27:49+02",NULL,NULL,NULL
42479,919,3,"2","261647-04","2020-01-07 07:27:12+01","2020-02-10 11:29:21+01",NULL,NULL,NULL
42470,919,3,"2","271096-01","2020-02-10 11:29:21+01","2021-04-15 18:27:49+02",NULL,NULL,NULL
42476,919,3,"3","264115-08","2020-01-07 07:28:05+01","2021-04-15 18:25:42+02",NULL,NULL,NULL
42475,919,3,"4","267494-02","2020-01-07 07:28:05+01","2021-04-15 18:25:42+02",NULL,NULL,NULL
42478,919,3,"5","270698-03","2020-01-07 07:27:12+01","2021-04-15 18:27:49+02",NULL,NULL,NULL
42477,919,3,"6","270698-06","2020-01-07 07:27:12+01","2021-04-15 18:27:49+02",NULL,NULL,NULL
42473,919,3,"7","270047-09","2020-01-23 13:01:08+01","2021-04-15 18:25:42+02",NULL,NULL,NULL
42463,919,5,"7","274957-06","2020-09-07 14:34:04+02","2021-04-26 16:50:49+02",NULL,NULL,NULL
45457,935,4,"0","281044-07","2021-03-17 16:43:26+01","2021-04-26 17:29:43+02",NULL,NULL,NULL
45483,935,4,"4","281165-03","2021-03-17 16:29:00+01","2021-04-26 13:27:41+02",NULL,NULL,NULL
47443,938,4,"1","271453-02","2020-04-27 20:29:00+02","2020-06-24 04:09:25+02",NULL,NULL,NULL
47442,938,4,"1","271453-07","2020-06-24 04:09:25+02","2020-11-23 21:11:08+01",NULL,NULL,NULL
82228,1045,0,"1","26","2019-07-11 00:33:57+02","2020-04-25 01:09:18+02",NULL,NULL,NULL
82235,1045,2,"6","262682-04","2019-07-03 00:56:45+02","2020-09-15 03:36:31+02",NULL,NULL,NULL
82226,1045,3,"1","261360-02","2020-04-05 00:00:52+02","2020-06-16 10:43:32+02",NULL,NULL,NULL
82234,1045,3,"2","261582-02","2019-07-03 00:56:45+02","2020-06-16 10:43:32+02",NULL,NULL,NULL
82233,1045,3,"3","261647-03","2019-07-03 00:56:45+02","2020-06-16 10:43:32+02",NULL,NULL,NULL
82232,1045,3,"4","261862-06","2019-07-03 00:56:45+02","2020-06-16 10:43:32+02",NULL,NULL,NULL
82225,1045,3,"5","261630-04","2020-04-24 15:34:52+02","2020-06-27 08:52:31+02",NULL,NULL,NULL
82231,1045,3,"6","261949-08","2019-07-03 00:56:45+02","2020-06-16 10:43:33+02",NULL,NULL,NULL
86816,1058,3,"0","274870-03","2020-07-02 19:16:24+02","2020-09-11 13:34:18+02",NULL,NULL,NULL
86803,1058,3,"0","276309-08","2020-09-11 13:34:18+02","2020-12-15 05:22:21+01",NULL,NULL,NULL
86835,1058,3,"1","270125-08","2020-01-18 10:31:07+01","2020-09-11 13:34:48+02",NULL,NULL,NULL
86798,1058,3,"1","276311-07","2020-09-11 13:34:48+02","2020-12-15 05:22:24+01",NULL,NULL,NULL
86884,1058,3,"2","236665-08","2019-01-10 12:01:28+01","2020-01-18 10:33:34+01",NULL,NULL,NULL
86828,1058,3,"2","270590-09","2020-01-18 10:33:34+01","2020-07-02 19:16:09+02",NULL,NULL,NULL
86819,1058,3,"2","273114-01","2020-07-02 19:16:09+02","2020-09-11 13:34:18+02",NULL,NULL,NULL
86802,1058,3,"2","273692-02","2020-09-11 13:34:18+02","2020-12-15 05:21:55+01",NULL,NULL,NULL
86827,1058,3,"3","270017-09","2020-01-18 10:33:34+01","2020-09-11 13:34:18+02",NULL,NULL,NULL
86801,1058,3,"3","276307-04","2020-09-11 13:34:18+02","2020-12-15 05:22:08+01",NULL,NULL,NULL
86834,1058,3,"4","270299-06","2020-01-18 10:31:07+01","2020-07-13 12:28:35+02",NULL,NULL,NULL
86815,1058,3,"4","273482-03","2020-07-13 12:28:35+02","2020-09-11 13:34:19+02",NULL,NULL,NULL
86800,1058,3,"4","275534-04","2020-09-11 13:34:19+02","2020-12-15 05:22:21+01",NULL,NULL,NULL
86833,1058,3,"5","270299-09","2020-01-18 10:31:07+01","2020-07-13 12:29:50+02",NULL,NULL,NULL
86814,1058,3,"5","273452-03","2020-07-13 12:29:50+02","2020-09-11 13:34:48+02",NULL,NULL,NULL
86797,1058,3,"5","273908-09","2020-09-11 13:34:48+02","2020-12-15 05:22:34+01",NULL,NULL,NULL
86841,1058,3,"6","263372-08","2019-12-26 01:46:16+01","2020-07-02 19:16:09+02",NULL,NULL,NULL
86818,1058,3,"6","273452-02","2020-07-02 19:16:09+02","2020-09-11 13:34:19+02",NULL,NULL,NULL
86799,1058,3,"6","272808-08","2020-09-11 13:34:19+02","2020-12-15 05:21:55+01",NULL,NULL,NULL
86817,1058,3,"7","275852-10","2020-07-02 19:16:22+02","2020-12-15 05:22:08+01",NULL,NULL,NULL
86883,1058,4,"1","231142-02","2019-01-10 20:10:40+01","2019-07-04 10:48:50+02",NULL,NULL,NULL
86843,1058,4,"6","270047-05","2019-11-09 08:33:28+01","2021-03-19 07:42:08+01",NULL,NULL,NULL
90782,1070,2,"7","270132-06","2019-11-15 00:05:08+01","2020-05-31 18:50:19+02",NULL,NULL,NULL
111782,1124,0,"7","271427-05","2020-02-26 14:10:10+01","2020-10-22 16:53:15+02",NULL,NULL,NULL
111757,1124,3,"0","271857-04","2020-03-13 00:20:56+01","2021-02-18 10:52:37+01",NULL,NULL,NULL
111770,1124,3,"1","270023-09","2020-03-12 09:35:47+01","2021-02-18 11:05:43+01",NULL,NULL,NULL
111764,1124,3,"2","271998-05","2020-03-12 09:36:36+01","2021-02-18 10:52:21+01",NULL,NULL,NULL
111761,1124,3,"3","272042-09","2020-03-12 09:37:42+01","2021-02-18 11:05:59+01",NULL,NULL,NULL
111758,1124,3,"4","272473-06","2020-03-12 16:26:49+01","2021-02-18 10:52:34+01",NULL,NULL,NULL
111760,1124,3,"5","271998-10","2020-03-12 09:37:42+01","2021-02-18 11:05:41+01",NULL,NULL,NULL
111763,1124,3,"6","270794-07","2020-03-12 09:36:36+01","2021-02-18 10:52:19+01",NULL,NULL,NULL
111759,1124,3,"7","273178-02","2020-03-12 09:37:42+01","2021-02-18 11:05:57+01",NULL,NULL,NULL
115664,1135,0,"0","261840-03","2019-05-09 15:50:06+02","2020-12-07 18:10:07+01",NULL,NULL,NULL
115634,1135,0,"2","261870-05","2019-05-09 15:44:52+02","2019-09-05 11:10:10+02",NULL,NULL,NULL
115655,1135,0,"2","261377-04","2019-09-05 11:10:10+02","2021-01-18 16:43:22+01",NULL,NULL,NULL
115649,1135,0,"4","261316-08","2019-05-09 15:50:06+02","2020-02-24 16:42:47+01",NULL,NULL,NULL
115640,1135,1,"0","261949-07","2019-05-09 15:50:06+02","2020-12-08 11:20:18+01",NULL,NULL,NULL
115660,1135,2,"3","261320-03","2019-05-09 15:37:23+02","2020-10-12 17:56:12+02",NULL,NULL,NULL
115661,1135,2,"4","261586-04","2019-05-09 15:37:23+02","2020-06-10 18:56:36+02",NULL,NULL,NULL
115662,1135,3,"0","262391-07","2019-05-09 15:37:24+02","2020-10-12 17:56:12+02",NULL,NULL,NULL
115628,1135,3,"0","277419-03","2020-10-12 17:56:12+02","2020-12-16 12:13:44+01",NULL,NULL,NULL
115641,1135,3,"1","261992-03","2019-05-09 15:36:30+02","2020-10-12 17:56:12+02",NULL,NULL,NULL
115627,1135,3,"1","274479-04","2020-10-12 17:56:12+02","2020-12-16 12:13:44+01",NULL,NULL,NULL
115638,1135,3,"2","261594-10","2019-05-09 15:37:24+02","2020-05-19 13:34:52+02",NULL,NULL,NULL
115632,1135,3,"2","272848-04","2020-05-19 13:34:52+02","2020-12-16 12:13:44+01",NULL,NULL,NULL
115645,1135,3,"3","261378-10","2019-05-09 15:37:24+02","2020-10-12 17:56:12+02",NULL,NULL,NULL
115626,1135,3,"3","275444-08","2020-10-12 17:56:12+02","2020-12-16 11:50:01+01",NULL,NULL,NULL
115654,1135,3,"4","260782-02","2019-05-09 15:37:24+02","2020-10-12 17:56:12+02",NULL,NULL,NULL
115625,1135,3,"4","274282-05","2020-10-12 17:56:12+02","2020-12-16 11:48:42+01",NULL,NULL,NULL
115642,1135,3,"5","261450-08","2019-05-09 15:36:31+02","2020-10-12 17:56:12+02",NULL,NULL,NULL
115624,1135,3,"5","277419-02","2020-10-12 17:56:12+02","2020-12-16 11:48:42+01",NULL,NULL,NULL
115663,1135,3,"6","262046-04","2019-05-09 15:37:24+02","2020-10-12 17:56:12+02",NULL,NULL,NULL
115623,1135,3,"6","276817-03","2020-10-12 17:56:12+02","2020-12-16 11:48:42+01",NULL,NULL,NULL
115635,1135,3,"7","261427-05","2019-05-09 15:37:24+02","2019-09-05 11:10:24+02",NULL,NULL,NULL
115648,1135,3,"7","262475-04","2019-09-05 11:10:24+02","2020-10-12 17:56:12+02",NULL,NULL,NULL
115622,1135,3,"7","276549-07","2020-10-12 17:56:12+02","2020-12-16 11:48:42+01",NULL,NULL,NULL
126187,1161,2,"2","262951-05","2019-09-12 08:20:40+02","2020-12-23 00:04:14+01",NULL,NULL,NULL
126192,1161,3,"2","263468-06","2019-09-12 08:29:19+02","2020-05-28 11:24:46+02",NULL,NULL,NULL
126193,1161,4,"3","262952-06","2019-09-12 08:20:16+02","2020-09-23 10:38:10+02",NULL,NULL,NULL
149932,1235,3,"0","269503-02","2020-01-23 17:01:59+01","2021-04-15 22:25:42+02",NULL,NULL,NULL
149931,1235,3,"1","269751-07","2020-01-23 17:01:59+01","2021-04-15 22:27:49+02",NULL,NULL,NULL
149939,1235,3,"2","261647-04","2020-01-07 11:27:12+01","2020-02-10 15:29:21+01",NULL,NULL,NULL
149930,1235,3,"2","271096-01","2020-02-10 15:29:21+01","2021-04-15 22:27:49+02",NULL,NULL,NULL
149936,1235,3,"3","264115-08","2020-01-07 11:28:05+01","2021-04-15 22:25:42+02",NULL,NULL,NULL
149935,1235,3,"4","267494-02","2020-01-07 11:28:05+01","2021-04-15 22:25:42+02",NULL,NULL,NULL
149938,1235,3,"5","270698-03","2020-01-07 11:27:12+01","2021-04-15 22:27:49+02",NULL,NULL,NULL
149937,1235,3,"6","270698-06","2020-01-07 11:27:12+01","2021-04-15 22:27:49+02",NULL,NULL,NULL
149933,1235,3,"7","270047-09","2020-01-23 17:01:08+01","2021-04-15 22:25:42+02",NULL,NULL,NULL
149923,1235,5,"7","274957-06","2020-09-07 18:34:04+02","2021-04-26 20:50:49+02",NULL,NULL,NULL
